# Tab-separated values. Open with a spreadsheet app such as Excel.	
	
# READ-ONLY. DO NOT MODIFY OR DELETE.	
	
#Template Name	#Size (bytes)
Colour	0x0000000000000010
DecorationComponentData	0x0000000000000008
EmptyNode	0x0000000000000000
GcActionTrigger	0x0000000000000058
GcActionTriggerState	0x0000000000000020
GcAIShipSpawnData	0x00000000000000A8
GcAISpaceshipComponentData	0x0000000000000094
GcAISpaceshipGlobals	0x0000000000000CA0
GcAISpaceshipInstanceData	0x0000000000000080
GcAISpaceshipManagerData	0x0000000000000050
GcAISpaceshipMappingData	0x0000000000000010
GcAISpaceshipModelData	0x0000000000000088
GcAISpaceshipModelDataArray	0x0000000000000010
GcAISpaceshipPreloadCacheData	0x0000000000000020
GcAISpaceshipPreloadCacheDataTable	0x0000000000000010
GcAISpaceshipPreloadList	0x0000000000000018
GcAISpaceshipRoles	0x0000000000000004
GcAISpaceshipTypes	0x0000000000000004
GcAISpaceshipWeightingData	0x000000000000001C
GcAlienPuzzleEntry	0x00000000000004E0
GcAlienPuzzleMissionOverride	0x0000000000000030
GcAlienPuzzleOption	0x00000000000002A8
GcAlienPuzzleTable	0x0000000000000010
GcAlienRace	0x0000000000000004
GcAlienSpeechEntry	0x0000000000000040
GcAlienSpeechTable	0x0000000000000010
GcAmbientModeCameras	0x0000000000000030
GcAnimFrameEvent	0x0000000000000018
GcAsteroidGeneratorAssignment	0x0000000000000048
GcAsteroidGeneratorRing	0x0000000000000080
GcAsteroidGeneratorSlab	0x0000000000000080
GcAsteroidGeneratorSurround	0x0000000000000060
GcAtlasBase	0x0000000000000298
GcAtlasDiscoveryData	0x0000000000000048
GcAtlasDiscoveryMetadata	0x0000000000000080
GcAtlasDownloadType	0x0000000000000004
GcAtlasGlobals	0x0000000000000010
GcAtlasMessage	0x00000000000000AC
GcAtlasMonument	0x0000000000000110
GcAtlasRecvVoxel	0x000000000000000C
GcAtlasSendSubmitMonument	0x0000000000000030
GcAtmosphereList	0x0000000000000010
GcAudio3PointDopplerData	0x000000000000000C
GcAudioAreaTriggerComponentData	0x0000000000000010
GcAudioGlobals	0x00000000000000D8
GcAudioNPCDoppler	0x000000000000003C
GcAudioPulseDemo	0x000000000000002C
GcAudioWwiseEvents	0x0000000000000004
GcAudioWwiseRTPCs	0x0000000000000004
GcBaseBuildingComponentData	0x0000000000000014
GcBaseBuildingEntry	0x0000000000000130
GcBaseBuildingGroup	0x0000000000000030
GcBaseBuildingMaterial	0x00000000000000A0
GcBaseBuildingObjectDecorationTypes	0x0000000000000004
GcBaseBuildingObjectTypes	0x0000000000000004
GcBaseBuildingPalette	0x0000000000000020
GcBaseBuildingProperties	0x0000000000000030
GcBaseBuildingTable	0x0000000000000770
GcBaseBuildingTriggerAction	0x0000000000000018
GcBeenShotEvent	0x000000000000000C
GcBiomeData	0x0000000000000400
GcBiomeFileList	0x00000000000000C0
GcBiomeFileListOptions	0x0000000000000010
GcBiomeList	0x0000000000000028
GcBiomeListPerStarType	0x0000000000000110
GcBiomeType	0x0000000000000004
GcBirdData	0x0000000000000090
GcBlockedMessage	0x0000000000000080
GcBlockedUser	0x0000000000000080
GcBlockListPersistence	0x0000000000003210
GcBoidData	0x000000000000002C
GcBootLogoData	0x0000000000000410
GcBountySpawnInfo	0x0000000000000170
GcBuildingClassification	0x0000000000000004
GcBuildingClusterPlacement	0x0000000000000004
GcBuildingCostPartCount	0x0000000000000014
GcBuildingDefinitionData	0x0000000000000058
GcBuildingDefinitionTable	0x00000000000183B0
GcBuildingDensity	0x0000000000000014
GcBuildingDensityLevels	0x0000000000000004
GcBuildingDistribution	0x0000000000000018
GcBuildingFilename	0x0000000000000200
GcBuildingFilenameList	0x0000000000003600
GcBuildingGlobals	0x0000000000000130
GcBuildingOverrideData	0x0000000000000030
GcBuildingPartSearchType	0x0000000000000004
GcBuildingSpawnData	0x00000000000005D0
GcButtonSpawn	0x0000000000000028
GcButtonSpawnOffset	0x0000000000000020
GcButtonSpawnTable	0x0000000000000010
GcCameraAerialViewData	0x0000000000000030
GcCameraAmbientBuildingData	0x0000000000000048
GcCameraAmbientSpaceData	0x0000000000000028
GcCameraAmbientSpecialData	0x0000000000000028
GcCameraAnimationData	0x0000000000000084
GcCameraAnomalySetupData	0x0000000000000040
GcCameraFollowSettings	0x00000000000000D0
GcCameraGlobals	0x0000000000001D50
GcCameraShakeAction	0x0000000000000018
GcCameraShakeCapturedData	0x0000000000000014
GcCameraShakeData	0x00000000000000C0
GcCameraShakeMechanicalData	0x0000000000000070
GcCameraSpawnSetupData	0x0000000000000010
GcChainComponentData	0x0000000000000004
GcCloudProperties	0x00000000000000F0
GcColouriseComponentData	0x0000000000000020
GcColourModifier	0x0000000000000030
GcColourPaletteData	0x0000000000000070
GcCostBuildingParts	0x0000000000000024
GcCostCargo	0x0000000000000004
GcCostHealth	0x0000000000000004
GcCostInstalledTech	0x0000000000000014
GcCostJourneyMilestone	0x0000000000000010
GcCostJourneyStatLevel	0x0000000000000018
GcCostMissionComplete	0x0000000000000010
GcCostMoney	0x0000000000000004
GcCostNPCHabitation	0x0000000000000004
GcCostPirateTribute	0x0000000000000008
GcCostProduct	0x0000000000000020
GcCostStanding	0x0000000000000008
GcCostSubstance	0x0000000000000020
GcCostTable	0x0000000000000020
GcCostTableEntry	0x0000000000000060
GcCreatureAlertData	0x0000000000000018
GcCreatureAudioTable	0x0000000000000010
GcCreatureBaitComponentData	0x0000000000000020
GcCreatureComponentData	0x0000000000000018
GcCreatureData	0x0000000000000058
GcCreatureDataTable	0x0000000000000010
GcCreatureFilename	0x0000000000000090
GcCreatureFilenameTable	0x0000000000000010
GcCreatureFootParticleData	0x0000000000000010
GcCreatureFootParticleSingleData	0x0000000000000020
GcCreatureFullBodyIKComponentData	0x0000000000000018
GcCreatureGlobals	0x0000000000000690
GcCreatureGroupDescription	0x0000000000000020
GcCreatureGroupProbability	0x0000000000000018
GcCreatureGroups	0x0000000000000004
GcCreatureHealthData	0x0000000000000050
GcCreatureIkData	0x0000000000000104
GcCreatureIkType	0x0000000000000004
GcCreatureInfo	0x0000000000000418
GcCreatureLegIKComponentData	0x0000000000000004
GcCreatureMoveAnimData	0x0000000000000040
GcCreatureMovementData	0x0000000000000028
GcCreatureNearbyEvent	0x0000000000000020
GcCreatureRoleData	0x0000000000000490
GcCreatureRoleDataTable	0x0000000000000010
GcCreatureRoleDescription	0x0000000000000040
GcCreatureRoleDescriptionTable	0x0000000000000020
GcCreatureRoleFilename	0x0000000000000090
GcCreatureRoleFilenameList	0x0000000000000010
GcCreatureRoleFilenameTable	0x00000000000000F0
GcCreatureRoles	0x0000000000000004
GcCreatureSizeClasses	0x0000000000000004
GcCreatureSpawnComponentData	0x0000000000000390
GcCreatureSpawnData	0x0000000000000598
GcCreatureStupidName	0x0000000000000028
GcCreatureStupidNameTable	0x0000000000000090
GcCreatureSwarmData	0x0000000000000040
GcCreatureTypes	0x0000000000000004
GcCreatureVocalData	0x00000000000000A8
GcCreatureVocalSoundData	0x0000000000000028
GcCustomInventoryComponentData	0x0000000000000028
GcDebrisData	0x0000000000000098
GcDebugOptions	0x0000000000000D6C
GcDefaultMissionItemsTable	0x0000000000000040
GcDefaultMissionProduct	0x0000000000000004
GcDefaultMissionProductEnum	0x0000000000000004
GcDefaultMissionSubstance	0x0000000000000004
GcDefaultMissionSubstanceEnum	0x0000000000000004
GcDefaultSaveData	0x000000000004EAC0
GcDeprecatedAssetsTable	0x0000000000000010
GcDestroyAction	0x0000000000000001
GcDestructableComponentData	0x0000000000000148
GcDiscoveryHelperTimings	0x000000000000000C
GcDiscoveryOwner	0x00000000000000C4
GcDiscoveryTypes	0x0000000000000004
GcDiscoveryWorth	0x000000000000001C
GcDisplayText	0x0000000000000304
GcDistanceScaleComponentData	0x0000000000000018
GcDoShipFlybyClose	0x000000000000000C
GcDoShipFlybyIntercept	0x0000000000000008
GcDoShipFlybyOverhead	0x0000000000000008
GcDroneComponentData	0x0000000000000068
GcDroneControlData	0x000000000000002C
GcDroneData	0x00000000000001C0
GcEncounterComponentData	0x0000000000000010
GcEncyclopediaComponentData	0x0000000000000004
GcEngineComponentData	0x0000000000000004
GcEntitlementRewardData	0x0000000000000070
GcEntitlementRewardsTable	0x0000000000000010
GcEnvironmentGlobals	0x0000000000000460
GcEnvironmentSpawnData	0x0000000000000050
GcExactResource	0x0000000000000090
GcExperienceSpawnTable	0x00000000000000D0
GcExperienceTimers	0x0000000000000020
GcExplosionData	0x00000000000000C0
GcExplosionDataTable	0x0000000000000010
GcExternalObjectFileList	0x0000000000000038
GcExternalObjectList	0x0000000000000050
GcExternalObjectListOptions	0x0000000000000230
GcFactionSelectOptions	0x0000000000000008
GcFlyingSnakeData	0x0000000000000040
GcFogProperties	0x00000000000000DC
GcFoliageComponentData	0x0000000000000004
GcFontData	0x0000000000000084
GcFontTable	0x0000000000000420
GcFontTypesEnum	0x0000000000000004
GcGalacticAddressData	0x0000000000000014
GcGalaxyAudioSetupData	0x0000000000000044
GcGalaxyCameraData	0x0000000000000064
GcGalaxyGenerationSetupData	0x0000000000000180
GcGalaxyGlobals	0x00000000000016E0
GcGalaxyInfoIcons	0x0000000000000B58
GcGalaxyMarkerSettings	0x0000000000000120
GcGalaxyMarkerTypes	0x0000000000000004
GcGalaxyRenderAnostreakData	0x0000000000000030
GcGalaxyRenderSetupData	0x0000000000000210
GcGalaxySolarSystemOrbitParams	0x000000000000001C
GcGalaxySolarSystemParams	0x0000000000000058
GcGalaxyStarAnomaly	0x0000000000000004
GcGalaxyStarAttributesData	0x00000000000001A8
GcGalaxyStarColours	0x0000000000000040
GcGalaxyStarTypes	0x0000000000000004
GcGalaxyVoxelAttributesData	0x0000000000000084
GcGalaxyWaypointTypes	0x0000000000000004
GcGameMode	0x0000000000000004
GcGameplayGlobals	0x0000000000001120
GcGeneratedShipCounts	0x0000000000000014
GcGeneratorUnitComponentData	0x00000000000001A0
GcGenericIconTypes	0x0000000000000004
GcGenericMissionSequence	0x0000000000000410
GcGenericRewardTableEntry	0x0000000000000028
GcGoToStateAction	0x0000000000000018
GcGraphicsGlobals	0x0000000000000940
GcHazardValues	0x0000000000000008
GcHeavyAirColourData	0x0000000000000020
GcHeavyAirList	0x0000000000000010
GcHeavyAirSetting	0x00000000000000A0
GcHeavyAirSettingValues	0x0000000000000020
GcHUDComponent	0x0000000000000028
GcHUDImageData	0x00000000000000C0
GcHUDLayerData	0x0000000000000038
GcHUDManagerData	0x00000000000001D0
GcHUDStartup	0x0000000000000008
GcHUDStartupTable	0x0000000000000080
GcHUDTextData	0x0000000000000120
GcInputActionMapping	0x0000000000000008
GcInteractionActivationCost	0x0000000000000038
GcInteractionBaseBuildingState	0x0000000000000018
GcInteractionBuffer	0x0000000000007D00
GcInteractionBufferType	0x0000000000000004
GcInteractionComponentData	0x0000000000000170
GcInteractionData	0x0000000000000020
GcInteractionDof	0x0000000000000014
GcInteractionType	0x0000000000000004
GcInventoryBaseStat	0x0000000000000030
GcInventoryBaseStatBonus	0x0000000000000008
GcInventoryBaseStatEntry	0x0000000000000014
GcInventoryClass	0x0000000000000004
GcInventoryClassProbabilities	0x0000000000000010
GcInventoryContainer	0x0000000000000060
GcInventoryCostData	0x0000000000000118
GcInventoryCostDataEntry	0x0000000000000028
GcInventoryElement	0x0000000000000030
GcInventoryGenerationBaseStatClassData	0x0000000000000010
GcInventoryGenerationBaseStatData	0x0000000000000040
GcInventoryGenerationBaseStatDataEntry	0x0000000000000020
GcInventoryIndex	0x0000000000000008
GcInventoryLayout	0x0000000000000020
GcInventoryLayoutGenerationData	0x00000000000001C0
GcInventoryLayoutGenerationDataEntry	0x0000000000000010
GcInventoryLayoutSizeType	0x0000000000000004
GcInventorySlotActionData	0x000000000000001C
GcInventorySpecialSlot	0x000000000000000C
GcInventorySpecialSlotType	0x0000000000000004
GcInventoryTable	0x00000000000006F0
GcInventoryTableEntry	0x0000000000000020
GcInventoryTechProbability	0x0000000000000018
GcInventoryType	0x0000000000000004
GcInventoryValueData	0x000000000000001C
GcItemCostData	0x0000000000000020
GcItemCostTable	0x0000000000000010
GcItemPriceModifiers	0x0000000000000014
GcJourney	0x0000000000000010
GcJourneyCategory	0x0000000000000180
GcJourneyCategoryType	0x0000000000000004
GcJourneyMedal	0x0000000000000214
GcJourneyMedalType	0x0000000000000004
GcJourneyMilestoneData	0x0000000000000038
GcJourneyMilestoneTable	0x0000000000000010
GcLandingHelperComponentData	0x000000000000000C
GcLaserBeamData	0x00000000000001A0
GcLegality	0x0000000000000004
GcLeveledStatData	0x00000000000003C0
GcLeveledStatTable	0x0000000000000010
GcLightProperties	0x0000000000000030
GcLootComponentData	0x0000000000000020
GcMaintenanceComponentData	0x00000000000000F0
GcMaintenanceContainer	0x000000000000007C
GcMaintenanceElement	0x0000000000000038
GcMaintenanceElementGroups	0x0000000000000004
GcMaintenanceGroup	0x0000000000000010
GcMaintenanceGroupEntry	0x0000000000000020
GcMaintenanceGroupsTable	0x0000000000000050
GcMarkerComponentData	0x0000000000000010
GcMessageCrime	0x0000000000000018
GcMessageProjectileImpact	0x0000000000000038
GcMetaBallComponentData	0x00000000000000C4
GcMiningComponentData	0x0000000000000008
GcMiningSubstanceData	0x000000000000000C
GcMissileComponentData	0x0000000000000024
GcMissionBoardOptions	0x0000000000000030
GcMissionCategory	0x0000000000000004
GcMissionConditionAIShipCount	0x000000000000000C
GcMissionConditionBaseClaimed	0x000000000000000C
GcMissionConditionBasePartBuilt	0x0000000000000018
GcMissionConditionBasePartNear	0x0000000000000018
GcMissionConditionBiomeType	0x0000000000000004
GcMissionConditionCanReceiveReward	0x0000000000000010
GcMissionConditionCriticalMissionsDone	0x0000000000000001
GcMissionConditionExtraSuitSlots	0x0000000000000004
GcMissionConditionFactionRank	0x000000000000000C
GcMissionConditionFreighterBattle	0x000000000000000C
GcMissionConditionGameMode	0x0000000000000004
GcMissionConditionGlobalMission	0x0000000000000004
GcMissionConditionGroup	0x0000000000000018
GcMissionConditionHasFuel	0x0000000000000008
GcMissionConditionHasGalacticFeature	0x0000000000000004
GcMissionConditionHasProduct	0x000000000000000C
GcMissionConditionHasSubstance	0x000000000000000C
GcMissionConditionHasTechnology	0x0000000000000004
GcMissionConditionInventorySlots	0x000000000000000C
GcMissionConditionIsAnomalyLoaded	0x0000000000000004
GcMissionConditionIsCurrentMission	0x0000000000000000
GcMissionConditionIsLookingAtAnomaly	0x0000000000000008
GcMissionConditionIsMissionInProgress	0x0000000000000010
GcMissionConditionIsPlayerWanted	0x0000000000000008
GcMissionConditionIsScanEventLocal	0x0000000000000020
GcMissionConditionIsTechnologyRepaired	0x0000000000000004
GcMissionConditionLocation	0x0000000000000004
GcMissionConditionMissionCompleted	0x0000000000000010
GcMissionConditionMissionMessage	0x0000000000000010
GcMissionConditionMissionMessageWarp	0x0000000000000000
GcMissionConditionNPCHabitationHasWorker	0x0000000000000004
GcMissionConditionNumAtlasStationsVisited	0x0000000000000008
GcMissionConditionPercentageChance	0x0000000000000008
GcMissionConditionProductKnown	0x0000000000000004
GcMissionConditionStatLevel	0x0000000000000028
GcMissionConditionSystemRace	0x0000000000000004
GcMissionConditionTechnologyKnown	0x0000000000000004
GcMissionConditionTest	0x0000000000000004
GcMissionConditionTotalWarpsNumber	0x0000000000000004
GcMissionConsequenceRemoveCommunicatorMessage	0x0000000000000020
GcMissionConsequenceRemoveScanEvent	0x0000000000000020
GcMissionDifficulty	0x0000000000000004
GcMissionFaction	0x0000000000000004
GcMissionGalacticFeature	0x0000000000000004
GcMissionGalacticPoint	0x0000000000000004
GcMissionPageHint	0x0000000000000004
GcMissionSequenceAudioEvent	0x0000000000000084
GcMissionSequenceBounty	0x0000000000000210
GcMissionSequenceBuild	0x0000000000000118
GcMissionSequenceCollectProduct	0x0000000000000138
GcMissionSequenceCollectSubstance	0x0000000000000138
GcMissionSequenceCommunicator	0x00000000000001B0
GcMissionSequenceDiscover	0x0000000000000110
GcMissionSequenceDoMissionsForFaction	0x0000000000000110
GcMissionSequenceEndScanEvent	0x00000000000000A0
GcMissionSequenceFinishSummonAnomaly	0x0000000000000080
GcMissionSequenceFreighterDefend	0x0000000000000100
GcMissionSequenceFreighterEngage	0x0000000000000220
GcMissionSequenceGatherForBuild	0x0000000000000120
GcMissionSequenceGatherForRefuel	0x0000000000000108
GcMissionSequenceGatherForRepair	0x0000000000000118
GcMissionSequenceGetInShip	0x0000000000000100
GcMissionSequenceGetToScanEvent	0x0000000000000230
GcMissionSequenceGetUnits	0x0000000000000104
GcMissionSequenceGetUnitsToBuyItem	0x0000000000000110
GcMissionSequenceGoToGalacticPoint	0x0000000000000104
GcMissionSequenceGroup	0x00000000000001D8
GcMissionSequenceKill	0x000000000000010C
GcMissionSequenceLearnWords	0x0000000000000104
GcMissionSequenceMarker	0x0000000000000080
GcMissionSequencePirates	0x0000000000000080
GcMissionSequenceProductAmountNeeded	0x0000000000000128
GcMissionSequenceReward	0x0000000000000110
GcMissionSequenceScan	0x0000000000000108
GcMissionSequenceSetCurrentMission	0x0000000000000090
GcMissionSequenceSetGlobalMission	0x0000000000000084
GcMissionSequenceShowMessage	0x0000000000000230
GcMissionSequenceShowMissionUpdateMessage	0x0000000000000088
GcMissionSequenceSignalGalacticPoint	0x0000000000000104
GcMissionSequenceStartMission	0x0000000000000098
GcMissionSequenceStartScanEvent	0x00000000000000B0
GcMissionSequenceStartSummonAnomaly	0x0000000000000088
GcMissionSequenceStop	0x0000000000000100
GcMissionSequenceTeleport	0x0000000000000110
GcMissionSequenceWait	0x0000000000000084
GcMissionSequenceWaitForBuild	0x0000000000000110
GcMissionSequenceWaitForCompletionMessage	0x0000000000000100
GcMissionSequenceWaitForConditions	0x0000000000000118
GcMissionSequenceWaitForDepots	0x0000000000000108
GcMissionSequenceWaitForFactionStanding	0x0000000000000110
GcMissionSequenceWaitForFreighterPods	0x0000000000000104
GcMissionSequenceWaitForMessage	0x0000000000000110
GcMissionSequenceWaitForPortalWarp	0x0000000000000101
GcMissionSequenceWaitForRefuel	0x0000000000000108
GcMissionSequenceWaitForRepair	0x0000000000000104
GcMissionSequenceWaitForScanEvent	0x0000000000000228
GcMissionSequenceWaitForShips	0x0000000000000108
GcMissionSequenceWaitForStat	0x0000000000000128
GcMissionSequenceWaitForSuitUpgrade	0x0000000000000080
GcMissionSequenceWaitForWarps	0x0000000000000104
GcMissionTable	0x0000000000000010
GcMissionTextDummy	0x0000000000000024
GcMissionType	0x0000000000000004
GcModelViewCollection	0x0000000000000850
GcMultiplayerGlobals	0x0000000000000034
GcNGuiActionData	0x0000000000000094
GcNGuiElementData	0x0000000000000050
GcNGuiFileBrowserRecents	0x0000000000000A00
GcNGuiGraphicData	0x0000000000000280
GcNGuiLayerData	0x0000000000000310
GcNGuiLayoutData	0x000000000000002C
GcNGuiPreset	0x0000000000005150
GcNGuiPresetGraphic	0x0000000000000270
GcNGuiPresetText	0x0000000000000330
GcNGuiSpacingData	0x0000000000000050
GcNGuiSpecialTextImageData	0x00000000000000A0
GcNGuiSpecialTextImages	0x0000000000000010
GcNGuiSpecialTextStyleData	0x0000000000000038
GcNGuiSpecialTextStyles	0x0000000000000010
GcNGuiStyleAnimationData	0x0000000000000018
GcNGuiStyleAnimationKeyframeData	0x0000000000000018
GcNGuiTextData	0x0000000000000550
GcNodeActivationAction	0x0000000000000088
GcNPCComponentData	0x0000000000000004
GcNPCHabitationComponentData	0x0000000000000014
GcNPCHabitationType	0x0000000000000004
GcNPCPlacementComponentData	0x0000000000000018
GcNPCPlacementInfo	0x00000000000000A0
GcNPCSpawnTable	0x00000000000003C0
GcNPCWorkerData	0x00000000000002C0
GcNumberedTextList	0x0000000000000024
GcObjectDefinitionData	0x000000000000009C
GcObjectPlacementComponentData	0x0000000000000034
GcObjectSpawnData	0x00000000000003B0
GcObjectSpawnDataArray	0x0000000000000018
GcOutpostComponentData	0x0000000000000068
GcOutpostLSystemPair	0x00000000000003A0
GcPainAction	0x0000000000000018
GcPaletteData	0x0000000000000410
GcPaletteList	0x000000000000A690
GcParticleAction	0x0000000000000038
GcPerformanceFlyby	0x0000000000000018
GcPerformanceGuard	0x0000000000000004
GcPersistentBase	0x0000000000000190
GcPersistentBaseEntry	0x0000000000000090
GcPersistentBaseTypes	0x0000000000000004
GcPersistentBBObjectData	0x0000000000000060
GcPhotoModeAdjustData	0x0000000000000018
GcPhotoModeSettings	0x0000000000000040
GcPhysicsCollisionGroups	0x0000000000000004
GcPlacementGlobals	0x0000000000000030
GcPlanetBuildingData	0x0000000000000060
GcPlanetClass	0x0000000000000004
GcPlanetColourData	0x00000000000011F0
GcPlanetData	0x00000000000034F0
GcPlanetGenerationInputData	0x0000000000000048
GcPlanetGenerationIntermediateData	0x00000000000003C8
GcPlanetHazardData	0x0000000000000078
GcPlanetHeavyAirData	0x0000000000000120
GcPlanetInfo	0x0000000000000382
GcPlanetLife	0x0000000000000004
GcPlanetResourceIconLookup	0x0000000000000098
GcPlanetSentinelData	0x0000000000000008
GcPlanetSize	0x0000000000000004
GcPlanetTradingData	0x0000000000000008
GcPlanetWaterData	0x00000000000001B0
GcPlanetWeatherColourData	0x00000000000000B0
GcPlanetWeatherColourIndex	0x0000000000000008
GcPlanetWeatherData	0x0000000000000150
GcPlayAnimAction	0x0000000000000010
GcPlayAudioAction	0x0000000000000088
GcPlayerCommunicatorMessage	0x0000000000000028
GcPlayerComponentData	0x0000000000000004
GcPlayerConflictData	0x0000000000000004
GcPlayerDamageData	0x0000000000000128
GcPlayerDamageTable	0x0000000000000010
GcPlayerGlobals	0x0000000000000B10
GcPlayerHazardData	0x0000000000000058
GcPlayerHazardTable	0x0000000000000210
GcPlayerMissionParticipant	0x0000000000000018
GcPlayerMissionParticipantType	0x0000000000000004
GcPlayerMissionProgress	0x0000000000000148
GcPlayerMissionProgressMapEntry	0x0000000000000020
GcPlayerMissionProgressMapTable	0x0000000000000010
GcPlayerMissionUpgradeMapEntry	0x0000000000000038
GcPlayerMissionUpgradeMapTable	0x0000000000000010
GcPlayerNearbyEvent	0x0000000000000024
GcPlayerOwnershipData	0x00000000000003D0
GcPlayerSpaceshipAim	0x0000000000000018
GcPlayerSpaceshipClassBonuses	0x0000000000000030
GcPlayerSpaceshipControlData	0x00000000000000F4
GcPlayerSpaceshipEngineData	0x0000000000000054
GcPlayerSpaceshipWarpData	0x0000000000000030
GcPlayerSpawnStateData	0x0000000000000080
GcPlayerStat	0x0000000000000020
GcPlayerStateData	0x000000000004EA40
GcPlayerStatsGroup	0x0000000000000028
GcPlayerStickData	0x000000000000001C
GcPortalComponentData	0x0000000000000004
GcPortalData	0x0000000000000008
GcPortalSaveData	0x0000000000000018
GcPresetTextureData	0x0000000000000180
GcPrimaryAxis	0x0000000000000004
GcProductCategory	0x0000000000000004
GcProductData	0x00000000000002D0
GcProductTable	0x0000000000000010
GcProductTableEnum	0x0000000000000004
GcProjectileData	0x0000000000000390
GcProjectileDataTable	0x0000000000000020
GcProjectileImpactData	0x0000000000000018
GcProjectileImpactType	0x0000000000000004
GcProjectileLineData	0x0000000000000028
GcPurchaseableBuildingBlueprints	0x0000000000000010
GcRarity	0x0000000000000004
GcRealityCommonFactions	0x0000000000000004
GcRealityCraftingRecipeData	0x0000000000000058
GcRealityIconTable	0x0000000000003428
GcRealityManagerData	0x0000000000007990
GcRealitySubstanceCategory	0x0000000000000004
GcRealitySubstanceCraftingMix	0x0000000000000018
GcRealitySubstanceData	0x0000000000000200
GcResourceCollectEffect	0x0000000000000034
GcResourceElement	0x00000000000002A8
GcResourceOrigin	0x0000000000000004
GcRewardAction	0x0000000000000010
GcRewardAdvancePortalState	0x0000000000000000
GcRewardAtlasPathProgress	0x0000000000000004
GcRewardChangeGlobalMission	0x0000000000000004
GcRewardClosePortal	0x0000000000000000
GcRewardDamage	0x0000000000000010
GcRewardDamageTech	0x0000000000000020
GcRewardDestructEntry	0x0000000000000004
GcRewardDestructRarities	0x000000000000000C
GcRewardDestructTable	0x000000000000003C
GcRewardDiscoverRune	0x0000000000000004
GcRewardEnergy	0x0000000000000004
GcRewardFactionStanding	0x000000000000000C
GcRewardHazard	0x0000000000000008
GcRewardHealth	0x0000000000000008
GcRewardIncrementInteractionIndex	0x0000000000000008
GcRewardJourneyThroughCentre	0x0000000000000004
GcRewardMission	0x0000000000000010
GcRewardMissionMessage	0x0000000000000010
GcRewardMissionSeeded	0x0000000000000010
GcRewardMoney	0x0000000000000008
GcRewardMultiSpecificProductRecipes	0x0000000000000040
GcRewardMultiSpecificProducts	0x0000000000000010
GcRewardNetworkPlayer	0x0000000000000040
GcRewardOpenPage	0x0000000000000004
GcRewardPirateProbeSignal	0x0000000000000001
GcRewardProduct	0x000000000000001C
GcRewardProductRecipe	0x0000000000000018
GcRewardRepairTech	0x0000000000000004
GcRewardScan	0x0000000000000014
GcRewardScanEvent	0x0000000000000024
GcRewardShield	0x0000000000000008
GcRewardShipAssistance	0x0000000000000008
GcRewardShowBlackHoles	0x0000000000000001
GcRewardSignalScan	0x0000000000000004
GcRewardSpecificProduct	0x0000000000000020
GcRewardSpecificProductRecipe	0x0000000000000010
GcRewardSpecificProductRecipeFromList	0x0000000000000018
GcRewardSpecificShip	0x0000000000000328
GcRewardSpecificSubstance	0x0000000000000028
GcRewardSpecificTech	0x0000000000000010
GcRewardSpecificTechFromList	0x0000000000000018
GcRewardSpecificWeapon	0x0000000000000110
GcRewardStanding	0x000000000000000C
GcRewardStartPurchase	0x0000000000000000
GcRewardSubstance	0x000000000000001C
GcRewardTable	0x0000000000000090
GcRewardTableCategory	0x0000000000000048
GcRewardTableEntitlementItem	0x0000000000000078
GcRewardTableEntry	0x00000000000000E8
GcRewardTableItem	0x0000000000000090
GcRewardTableItemList	0x0000000000000018
GcRewardTeachWord	0x000000000000000C
GcRewardTechRecipe	0x0000000000000018
GcRewardTeleport	0x0000000000000004
GcRewardTimeWarp	0x0000000000000001
GcRewardTrigger	0x0000000000000010
GcRewardWantedLevel	0x0000000000000028
GcRewardWeapon	0x0000000000000010
GcRewardWorker	0x0000000000000004
GcRobotGlobals	0x0000000000000370
GcRobotLaserData	0x0000000000000050
GcSavedEntitlement	0x0000000000000100
GcSavedInteractionRaceData	0x000000000000001C
GcScanData	0x0000000000000014
GcScanEffectData	0x0000000000000050
GcScanEventData	0x00000000000001D8
GcScanEventSave	0x0000000000000050
GcScanEventSolarSystemLookup	0x000000000000001C
GcScanEventTable	0x0000000000000010
GcScanEventTriggers	0x0000000000000020
GcScannableComponentData	0x0000000000000038
GcScannerBuildingIconTypes	0x0000000000000004
GcScannerIcons	0x0000000000004A90
GcScannerIconTypes	0x0000000000000004
GcScareCreaturesAction	0x0000000000000008
GcSceneOptions	0x00000000000002B0
GcSceneSettings	0x00000000000004E0
GcScratchpadGlobals	0x00000000000027D0
GcSeed	0x0000000000000010
GcSelectableObjectData	0x0000000000000080
GcSelectableObjectList	0x0000000000000028
GcSelectableObjectSpawnData	0x00000000000002A8
GcSelectableObjectSpawnList	0x0000000000000020
GcSelectableObjectTable	0x0000000000000010
GcShieldComponentData	0x0000000000000004
GcShipAIAttackData	0x00000000000000D0
GcShipAIAttackDataTable	0x0000000000000060
GcShipAICombatDefinition	0x0000000000000100
GcShipAIDeathData	0x000000000000001C
GcShipAIPerformanceArray	0x0000000000000010
GcShipAIPlanetPatrolData	0x0000000000000038
GcShipFlareComponentData	0x0000000000000004
GcShipHUDTargetData	0x0000000000000430
GcShipHUDTargetIconData	0x0000000000000300
GcShipWeaponData	0x0000000000000004
GcShipWeapons	0x0000000000000040
GcShootableComponentData	0x0000000000000040
GcSimpleInteractionComponentData	0x0000000000000118
GcSimulationGlobals	0x0000000000001C88
GcSizeIndicator	0x0000000000000004
GcSkyGlobals	0x0000000000000BB0
GcSkyProperties	0x0000000000000030
GcSmokeTestOptions	0x0000000000000028
GcSolarGenerationGlobals	0x0000000000000250
GcSolarSystemClass	0x0000000000000004
GcSolarSystemData	0x00000000000018C0
GcSolarSystemEventWarpIn	0x00000000000000A0
GcSolarSystemEventWarpOut	0x000000000000002C
GcSolarSystemEventWarpPlayer	0x0000000000000030
GcSolarSystemLocator	0x0000000000000060
GcSolarSystemLocatorChoice	0x000000000000002C
GcSolarSystemLocatorTypes	0x0000000000000004
GcSolarSystemSkyColourData	0x00000000000000D0
GcSolarSystemTraderSpawnData	0x0000000000000014
GcSpaceMapObjectData	0x0000000000000030
GcSpaceshipClasses	0x0000000000000004
GcSpaceshipComponentData	0x0000000000000118
GcSpaceshipGlobals	0x0000000000000CB0
GcSpaceshipTravelData	0x0000000000000058
GcSpaceSkyColours	0x00000000000000E0
GcSpaceSkyColourSettingList	0x0000000000000010
GcSpaceSkyProperties	0x00000000000000A0
GcSpaceStationSpawnData	0x0000000000000140
GcSpawnAction	0x0000000000000010
GcSpawnComponentOption	0x00000000000002C8
GcSpawnDensity	0x0000000000000020
GcSpawnDensityList	0x0000000000000010
GcStatDefinition	0x0000000000000028
GcStatDefinitionTable	0x0000000000000010
GcStatDisplayType	0x0000000000000004
GcStateTimeEvent	0x0000000000000004
GcStatGroupData	0x0000000000000020
GcStatGroupTable	0x0000000000000010
GcStatLevelData	0x0000000000000040
GcStats	0x0000000000000010
GcStatsBonus	0x000000000000000C
GcStatsEntry	0x0000000000000030
GcStatsEnum	0x0000000000000004
GcStatsGroup	0x00000000000000A8
GcStatsTypes	0x0000000000000004
GcStatTrackType	0x0000000000000004
GcStatType	0x0000000000000004
GcStatValueData	0x000000000000000C
GcStyleProp_Colour	0x0000000000000010
GcStyleProp_Font	0x0000000000000004
GcStyleProp_Size	0x0000000000000004
GcSubstanceAmount	0x0000000000000020
GcSubstanceSecondary	0x0000000000000020
GcSubstanceSecondaryLookup	0x0000000000000020
GcSubstanceTable	0x0000000000000020
GcSubstanceTableEnum	0x0000000000000004
GcTechnology	0x00000000000002E0
GcTechnologyAttachmentComponentData	0x0000000000000015
GcTechnologyCategory	0x0000000000000004
GcTechnologyRarity	0x0000000000000004
GcTechnologyRequirement	0x0000000000000018
GcTechnologyTable	0x0000000000000010
GcTechnologyTableEnum	0x0000000000000004
GcTeleportEndpoint	0x000000000000003C
GcTeleporterType	0x0000000000000004
GcTerrainControls	0x0000000000000070
GcTerrainEdit	0x0000000000000008
GcTerrainEditing	0x0000000000000094
GcTerrainEditsBuffer	0x000000000000ACC0
GcTerrainGlobals	0x0000000000000190
GcTerrainOverlayColours	0x0000000000000018
GcTerrainTileType	0x0000000000000004
GcTestMetadata	0x00000000000006B0
GcTextPreset	0x0000000000000070
GcTextPresetTable	0x0000000000000010
GcTextStyleOutline	0x0000000000000020
GcTextStylePlain	0x0000000000000001
GcTextStyleShadow	0x0000000000000020
GcTexturePrefetchData	0x0000000000000010
GcTileTypeOptions	0x0000000000000010
GcTileTypeSet	0x0000000000000064
GcTracerData	0x0000000000000018
GcTradeCategory	0x0000000000000004
GcTradeData	0x0000000000000090
GcTradeSettings	0x0000000000000120
GcTradingCategoryData	0x00000000000000CC
GcTradingClass	0x0000000000000004
GcTradingClassData	0x000000000000009C
GcTradingClassTable	0x0000000000000AAC
GcTradingSupplyData	0x0000000000000028
GcTriggerActionComponentData	0x0000000000000030
GcTurretComponentData	0x0000000000000004
GcUIGlobals	0x00000000000046A0
GcUniqueNPCSpawnData	0x00000000000002C8
GcUniverseAddressData	0x0000000000000018
GcUserSettingsData	0x000000000000323C
GcVehicleCheckpointComponentData	0x0000000000000004
GcVehicleComponentData	0x0000000000000130
GcVehicleData	0x0000000000000BB0
GcVehicleGarageComponentData	0x0000000000000004
GcVehicleGlobals	0x00000000000024B0
GcVehicleScanTable	0x0000000000000010
GcVehicleScanTableEntry	0x00000000000000C8
GcVehicleType	0x0000000000000004
GcWarpAction	0x0000000000000004
GcWaterGlobals	0x0000000000000001
GcWaypointComponentData	0x0000000000000084
GcWealthClass	0x0000000000000004
GcWeaponClasses	0x0000000000000004
GcWeatherColourModifiers	0x0000000000000270
GcWeatherColourSettingList	0x0000000000000010
GcWeatherOptions	0x0000000000000004
GcWeatherProperties	0x0000000000000900
GcWeatherTable	0x00000000000003F8
GcWiki	0x0000000000000010
GcWikiCategory	0x0000000000000160
GcWikiPage	0x0000000000000168
GcWikiTopic	0x00000000000000D0
GcWikiTopicType	0x0000000000000004
GcWordKnowledge	0x0000000000000018
GcZoomData	0x000000000000001C
MBINCompilerTestTemplate	0x0000000000000068
MBINHeader	0x0000000000000060
NMSString0x10	0x0000000000000010
NMSString0x100	0x0000000000000100
NMSString0x20	0x0000000000000020
NMSString0x80	0x0000000000000080
TkActionButtonLookup	0x0000000000000010
TkActionButtonMap	0x0000000000000028
TkAnimationComponentData	0x00000000000000F0
TkAnimationData	0x00000000000000E0
TkAnimationDataTable	0x0000000000000010
TkAnimMetadata	0x0000000000000058
TkAnimNodeData	0x0000000000000020
TkAnimNodeFrameData	0x0000000000000030
TkAnimPoseComponentData	0x00000000000000C8
TkAnimPoseCorrelationData	0x0000000000000028
TkAnimPoseData	0x0000000000000018
TkAnimPoseExampleData	0x0000000000000010
TkAnimPoseExampleElement	0x0000000000000018
TkAttachmentData	0x0000000000000028
TkAudioAnimTrigger	0x0000000000000098
TkAudioComponentData	0x0000000000000098
TkButtonImageLookup	0x0000000000000010
TkButtonPathMapping	0x0000000000000090
TkCameraWanderData	0x000000000000000C
TkControllerButtonLookup	0x0000000000000090
TkControllerList	0x0000000000000010
TkControllerSpecification	0x0000000000000020
TkCurveType	0x0000000000000004
TkDynamicChainComponentData	0x0000000000000048
TkEngineSettings	0x0000000000000008
TkEngineSettingsMapping	0x0000000000000039
TkEntitlementList	0x0000000000000010
TkEqualityEnum	0x0000000000000004
TkGameSettings	0x00000000000000FC
TkGeometryData	0x0000000000000150
TkGraphicsSettings	0x0000000000000086
TkHeavyAirData	0x0000000000000140
TkHitCurveData	0x0000000000000010
TkImGuiData	0x00000000000059B8
TkImGuiSettings	0x0000000000000190
TkImGuiWindowData	0x00000000000000A8
TkInOutCurve	0x000000000000000C
TkInputEnum	0x0000000000000004
TkInputFrame	0x000000000000001C
TkInputFrameArray	0x0000000000088B80
TkInstanceWindComponentData	0x0000000000000020
TkJointBindingData	0x0000000000000068
TkJointExtentData	0x0000000000000030
TkJointMirrorAxis	0x000000000000002C
TkLanguageFontTable	0x0000000000000010
TkLanguageFontTableEntry	0x0000000000000184
TkLanguages	0x0000000000000004
TkLanguagesAllowedData	0x0000000000000018
TkListedPaletteTexture	0x000000000000000C
TkLocalisationEntry	0x0000000000000120
TkLocalisationTable	0x0000000000000010
TkLSystemGlobalRestriction	0x00000000000000B0
TkLSystemGlobalVariation	0x00000000000000A4
TkLSystemInnerRule	0x0000000000000038
TkLSystemLocatorEntry	0x0000000000000098
TkLSystemRestrictionData	0x0000000000000008
TkLSystemRule	0x00000000000000B8
TkLSystemRulesData	0x0000000000000040
TkLSystemRuleTemplate	0x00000000000000A0
TkMaterialData	0x00000000000001D8
TkMaterialFlags	0x0000000000000004
TkMaterialMetaData	0x0000000000000420
TkMaterialSampler	0x00000000000000D8
TkMaterialUniform	0x0000000000000040
TkModelDescriptorList	0x0000000000000010
TkModelRendererCameraData	0x0000000000000040
TkModelRendererData	0x0000000000000070
TkModelResource	0x0000000000000084
TkMonitorName	0x0000000000000010
TkNGuiAlignment	0x0000000000000008
TkNGuiEditorLayout	0x0000000000019800
TkNGuiEditorStyleData	0x0000000000000110
TkNGuiGraphicStyle	0x00000000000001B0
TkNGuiGraphicStyleData	0x0000000000000080
TkNGuiLayoutList	0x0000000000000010
TkNGuiLayoutListData	0x0000000000000180
TkNGuiRectanglePulseEffect	0x0000000000000014
TkNGuiTextStyle	0x00000000000000C0
TkNGuiTextStyleData	0x0000000000000040
TkNGuiWindowLayoutData	0x0000000000000198
TkNoiseCaveData	0x0000000000000080
TkNoiseFeatureData	0x0000000000000040
TkNoiseFlattenOptions	0x0000000000000008
TkNoiseFlattenPoint	0x0000000000000028
TkNoiseGridData	0x0000000000000184
TkNoiseOffsetEnum	0x0000000000000004
TkNoiseSuperFormulaData	0x0000000000000010
TkNoiseSuperPrimitiveData	0x000000000000001C
TkNoiseUberData	0x0000000000000028
TkNoiseUberLayerData	0x0000000000000068
TkNoiseVoxelTypeEnum	0x0000000000000004
TkPaletteTexture	0x0000000000000008
TkParticleData	0x00000000000000C0
TkPhysicsComponentData	0x0000000000000070
TkPhysicsData	0x0000000000000018
TkPlatformButtonPair	0x0000000000000028
TkProbability	0x0000000000000004
TkProceduralModelComponentData	0x0000000000000010
TkProceduralModelList	0x0000000000000020
TkProceduralTexture	0x00000000000001D0
TkProceduralTextureChosenOption	0x0000000000000060
TkProceduralTextureChosenOptionList	0x0000000000000010
TkProceduralTextureChosenOptionSampler	0x0000000000000010
TkProceduralTextureLayer	0x0000000000000040
TkProceduralTextureList	0x0000000000000200
TkRagdollData	0x0000000000000028
TkRandomComponentData	0x0000000000000004
TkReferenceComponentData	0x0000000000000100
TkResourceDescriptorData	0x00000000000000C8
TkResourceDescriptorList	0x0000000000000020
TkRotationComponentData	0x0000000000000020
TkSceneNodeAttributeData	0x0000000000000130
TkSceneNodeData	0x00000000000000D8
TkShearWindData	0x0000000000000080
TkShearWindOctaveData	0x0000000000000014
TkSpeedLineData	0x00000000000000E0
TkTextureResource	0x0000000000000084
TkTrailData	0x0000000000000040
TkTransformData	0x0000000000000024
TkTrophyData	0x0000000000000010
TkTrophyEntry	0x0000000000000058
TkUserServiceAuthProvider	0x0000000000000004
TkVertexElement	0x0000000000000020
TkVertexLayout	0x0000000000000020
TkVolumeTriggerType	0x0000000000000004
TkVoxelGeneratorData	0x00000000000012F8
TkVoxelGeneratorRegionData	0x0000000000000050
TkVoxelGeneratorSettingsArray	0x0000000000017B60
TkVoxelGeneratorSettingsElement	0x00000000000025F0
VariableSizeString	0x0000000000000000
Vector2f	0x0000000000000008
Vector3f	0x000000000000000C
Vector3i	0x000000000000000C
Vector4f	0x0000000000000010
